"Group.1","x","Group.1","x"
"1",2.76923076923077,"1",0.261990559475791
"2",1.44444444444444,"2",0.242161052418926
