"Group.1","x","Group.1","x"
"1",2.70833333333333,"1",0.203939166358204
"2",2.47619047619048,"2",0.320854867198534
"3",1.6,"3",0.4
"4",3,"4",NA
