"Group.1","x","Group.1","x"
"1",2.10526315789474,"1",0.295133400723872
"2",2.5,"2",0.366347548532523
"3",2.2,"3",0.249443825784929
"4",1.5,"4",0.5
