"Group.1","x","Group.1","x"
"1",1.66666666666667,"1",0.288675134594813
"2",2.21428571428571,"2",0.260569356074272
"3",2.16666666666667,"3",0.270614713628663
"4",1.4,"4",0.4
