"Group.1","x","Group.1","x"
"1",1.5,"1",0.5
"2",2.5,"2",0.5
"3",1.75,"3",0.478713553878169
"4",1.75,"4",0.478713553878169
"5",2,"5",0.577350269189626
"6",3.5,"6",2.5
"7",1,"7",NA
