"Group.1","x","Group.1","x"
"1",3,"1",NA
"2",4,"2",1
"3",1.4,"3",0.4
"4",2.5,"4",0.645497224367903
"5",2.25,"5",0.629152869605896
"6",1.33333333333333,"6",0.333333333333333
"7",2,"7",1
