"Group.1","x","Group.1","x"
"1",1.5,"1",0.5
"2",3,"2",NA
"3",3,"3",1
"4",1.66666666666667,"4",0.666666666666667
"5",1,"5",0
"6",2,"6",0
"7",1.33333333333333,"7",0.333333333333333
